time_ms,class_id,center_x,center_y,width,height,confidence
0,41,100,100,40,60,90
100,41,100,100,40,60,90
200,41,100,100,40,60,90
300,41,102,100,40,60,91
400,41,103,101,40,60,91
500,41,104,101,40,60,92
600,NONE,,,,,
700,NONE,,,,,
800,41,105,102,40,60,92
900,41,106,102,40,60,92
1000,41,107,103,40,60,93
1100,47,300,300,50,50,94
1200,47,300,300,50,50,94
1300,47,300,300,50,50,94
1400,47,302,301,50,50,94
1500,47,303,301,50,50,95
1600,NONE,,,,,
1700,NONE,,,,,
1800,NONE,,,,,
1900,NONE,,,,,
2000,NONE,,,,,
2100,NONE,,,,,
2200,NONE,,,,,
2300,NONE,,,,,
2400,NONE,,,,,
2500,NONE,,,,,
