序号,资源名称及类型,版本/来源,许可证/授权类型,使用/开放方式,关键义务/限制,团队自主修改或开发内容,合规状态
1,AmazingHand软件,Pollen Robotics官方仓库[7],Apache-2.0,机械控制接口集成,保留版权、许可及修改说明,Maix/Titan接口与课程控制,上游软件与项目应用分别列示
2,AmazingHand机械设计,四指、八自由度；官方仓库[7],CC BY 4.0,机械结构装配与实体示范,注明设计来源及修改内容,课程动作与控制集成,机械设计来源已注明
3,MaixPy、MaixCDK,Sipeed官方框架[6][8],Apache-2.0；框架组件独立许可,设备侧API调用,保留组件归属及许可文件,视觉重试、时效与课程接入,SDK作为外部运行依赖
4,手部检测与关键点模型,hand_landmarks.mud；Sipeed[6],资源提供方模型使用条款,MaixCAM2设备侧推理,按模型资源条款使用,二维几何规则与课程判定,成果包提供模型调用代码
5,RT-Thread、Titan BSP,工程：RT-Thread 5.1.0、FSP 6.4.0,RTOS Apache-2.0；FSP核心BSD-3-Clause,Titan控制节点运行,保留各组件版权与许可,协议、遥测与动作控制,版本取自控制工程配置
6,Python、Node.js,Python 3.12.14；Node.js v24.19.0,PSF License v2；Node.js主体MIT,主机运行与测试,运行时组件保留原有许可,Python/JS测试宿主,版本取自实际测试记录
7,GCC/ARM工具链,宿主GCC 8.1.0；Arm工程配置13.3,GCC GPLv3；适用运行库例外,本机构建与链接,工具及运行库分别适用许可,C协议验证与构建适配,工具链作为外部构建依赖
8,DeepSeek建议API,默认配置：deepseek-flash；HTTPS,DeepSeek服务条款,按课程摘要请求文本建议,按服务条款使用输出,摘要核对、来源与本地规则建议,独立建议接口；配置可替换
9,生成式AI开发辅助,项目代码、审查与文稿工作流,所用平台服务条款,开发、审查与文稿辅助,团队完成采用判断与修改,需求设计、集成与验证,辅助内容由团队整理使用
10,手语与求助情境资料,W3C[1]、基金会[9]等原始网页,资料来源网站使用条款,文献引用与情境概述,注明作者、来源及访问日期,教学情境与课程说明,参考文献列明来源
